coach,number,insta,fb,poster by us,poster by them,photograph,reel by them,reel by us,number of sessions
Anam,,,,,,,,,
Diti,,,,,,,,,
Dyuti,,,,,,,,,
Elora,,,,,,,,,
Erin,,,,,,,,,
Fahad,,,,,,,,,
Fahmida,,,,,,,,,
Faria,,,,,,,,,
Fatema,,,,,,,,,
Gunjan,,,,,,,,,
Inaya,,,,,,,,,
Kashfi,,,,,,,,,
Kerry,,,,,,,,,
Michelle,,,,,,,,,
Moh,,,,,,,,,
Rawan,,,,,,,,,
Sankalita,,,,,,,,,
Shadman,,,,,,,,,
Shazzy Om,,,,,,,,,
Shormy,,,,,,,,,
Swayambhu,,,,,,,,,
Tas,,,,,,,,,
,,,,,,,,,
,,,,,,,,,
,,,,,,,,,
Performers & Workshop Facilitators,,,,,,,,,
Alex,,,,,,,,,
Arthy,,,,,,,,,
Havana Salsa - ,,,,,,,,,
PHWC,,,,,,,,,
Sharief,,,,,,,,,
Wahida,,,,,,,,,
Zohad,,,,,,,,,
Amal Foundation,,,,,,,,,
Dhaka Jungle,,,,,,,,,
Hashimukh,,,,,,,,,
Sankalita,,,,,,,,,
Smart Air,,,,,,,,,
Tanmoy,,,,,,,,,